{

  "Biler": {

     "100": {

      "Type": "Sport",

      "Merke": "BMW",

      "lansert": "2019",

      "modell": "850M",

      "pris": 2,

      "KM": 5.000,

      "ImageURL": "prosjekt-vår850i.jpg"

     },

     "101": {

      "Type": "SUV",

      "Merke": "BMW",

      "lansert": "2019",

      "modell": "X740i",

      "pris": 1.67,

      "KM": 3.000,

      "ImageURL": "prosjekt-vårX7.jpg"

     },

     "102": {

      "Type": "Diverse",

      "Merke": "Audi",

      "lansert": "2016",

      "modell": "RS6",

      "pris": 1.25,

      "KM": 36.000,

      "ImageURL": "prosjekt-vårRS6.jpg"

     },

     "103": {

      "Type": "Eksklusiv",

      "Merke": "Bentley",

      "lansert": "2016",

      "modell": "Continental",

      "pris": 1.95,

      "KM": 28.000,

      "ImageURL": "prosjekt-vårContinental.jpg"

     },

     "104": {

      "Type": "SUV",

      "Merke": "Lamborghini",

      "lansert": "2018",

      "modell": "Urus",

      "pris": 3.5,

      "KM": 50,

      "ImageURL": "prosjekt-vårUrus.jpg"

     },

     "105": {

      "Type": "Diverse",

      "Merke": "Alfa Romeo",

      "lansert": "2018",

      "modell": "Giulia Q4",

      "pris": 1,

      "KM": 10.000,

      "ImageURL": "prosjekt-vårGulia.jpg"

     },

     "106": {

      "Type":"Sport",

      "Merke": "Ferrari",

      "lansert": "2018",

      "modell": "488 Pista",

      "pris": 3.2,

      "KM": 5.000,

      "ImageURL": "prosjekt-vår488.jpg"

     },

     "107": {

      "Type": "SUV",

      "Merke": "Mercedes",

      "lansert": "2016",

      "modell": "G63",

      "pris": 1.25,

      "KM": 35.000,

      "ImageURL": "prosjekt-vårG63.jpg"

     },

     "108": {

      "Type":"Eksklusiv",

      "Merke": "Rolls Royce",

      "lansert": "2017",

      "modell": "Wraith",

      "pris": 3.89,

      "KM": 18.500,

      "ImageURL": "prosjekt-vårWraith.jpg"

     },

     "109": {

      "Type": "Diverse",

      "Merke": "Dodge",

      "lansert": "2018",

      "modell": "Challenger",

      "pris": 1.2,

      "KM": 11.000,

      "ImageURL": "prosjekt-vårChallenger.jpg"

     },

     "110": {

      "Type": "Sport",

      "Merke": "Aston Martin",

      "lansert": "2018",

      "modell": "DB11",

      "pris": 2.8,

      "KM": 7.000,

      "ImageURL": "prosjekt-vårDB11.jpg"

     },

      "112": {

      "Type": "Eksklusiv",

      "Merke": "Porsche",

      "lansert": "2018",

      "modell": "Panamera T",

      "pris": 1.8,

      "KM": 13.000,

      "ImageURL": "prosjekt-vårPGT.jpg"

     },

     "113": {

      "Type": "Diverse",

      "Merke": "Nissan",

      "lansert": "2017",

      "modell": "GT-R",

      "pris": 1.5,

      "KM": 18.000,

      "ImageURL": "prosjekt-vårGTR.jpg"

     },

     "114": {

      "Type": "Sport",

      "Merke": "Lamborghini",

      "lansert": "2019",

      "modell": "Aventador SVJ",

      "pris": 3.5,

      "KM": 0,

      "ImageURL": "prosjekt-vårSVJ.jpg"

     },

     "115": {

      "Type": "SUV",

      "Merke": "Bentley",

      "lansert": "2017",

      "modell": "Bentayga",

      "pris": 2.5,

      "KM": 7.000,

      "ImageURL": "prosjekt-vårBentayga.jpg"

     }
  }
}
